jsonDate,vType,name,description
10/10/2015,p,patch353,description nvxo
10/10/2015,v,patch083,description esFl
10/10/2015,v,patch985,description FAEO
10/10/2015,p,patch746,description XJzc
10/10/2015,b,patch972,description rcjV
10/10/2015,b,patch776,description lWtG
10/10/2015,b,patch013,description LdcY
10/10/2015,v,patch990,description QOSz
10/10/2015,v,patch029,description Orxd
10/10/2015,p,patch830,description drwE
10/10/2015,v,patch384,description vVHA
10/10/2015,p,patch781,description DsSn
10/10/2015,v,patch514,description jrNI
10/10/2015,p,patch134,description WMIm
10/10/2015,v,patch049,description ZBbC
10/10/2015,b,patch118,description fRmz
10/10/2015,b,patch574,description ZMRa
10/10/2015,v,patch995,description pxVG
10/10/2015,b,patch093,description faNA
10/10/2015,v,patch858,description FcrH
10/10/2015,p,patch065,description raBd
10/10/2015,b,patch408,description RnPu
10/10/2015,p,patch985,description XtJe
10/10/2015,p,patch129,description KBej
10/10/2015,b,patch329,description NFip
10/10/2015,p,patch654,description MZby
10/10/2015,v,patch063,description pOFm
10/10/2015,v,patch215,description xNYU
10/10/2015,v,patch534,description LIkA
10/10/2015,b,patch088,description SphW
10/10/2015,p,patch037,description AOqH
10/10/2015,v,patch861,description updo
10/10/2015,b,patch568,description BHsv
10/10/2015,v,patch642,description Gsfx
10/10/2015,p,patch442,description lbpO
10/10/2015,p,patch725,description aADN
10/10/2015,p,patch945,description sGZi
10/10/2015,p,patch443,description qHte
10/10/2015,b,patch436,description fEkP
10/10/2015,v,patch873,description DuGj
10/10/2015,p,patch720,description qWIe
10/10/2015,v,patch975,description fgsn
10/10/2015,p,patch278,description eguW
10/10/2015,v,patch521,description iYdC
10/10/2015,b,patch333,description Xxvf
10/10/2015,p,patch859,description uZNA
10/10/2015,v,patch920,description vaGZ
10/10/2015,b,patch591,description lMVO
10/10/2015,p,patch682,description bLpS
10/10/2015,p,patch664,description TUiQ
10/10/2015,v,patch096,description QkVs
10/10/2015,v,patch418,description CmQp
10/10/2015,p,patch970,description pIxY
10/10/2015,b,patch056,description Tlqk
10/10/2015,p,patch172,description gRTD
10/10/2015,p,patch942,description vXnx
10/10/2015,p,patch554,description Mthj
10/10/2015,b,patch286,description LkGF
10/10/2015,p,patch497,description FvSV
10/10/2015,b,patch826,description cwLr
10/10/2015,v,patch368,description qsrn
10/10/2015,p,patch722,description nRaW
10/10/2015,p,patch104,description ytLu
10/10/2015,b,patch521,description obOP
10/10/2015,v,patch975,description uRTP
10/10/2015,p,patch415,description PURw
10/10/2015,b,patch941,description KGZy
10/10/2015,b,patch396,description gcTo
10/10/2015,p,patch580,description xtDW
10/10/2015,p,patch952,description DQVx
10/10/2015,p,patch514,description UkpS
10/10/2015,p,patch990,description PRlA
10/10/2015,b,patch351,description OVli
10/10/2015,v,patch852,description cCGa
10/10/2015,b,patch275,description RaDp
10/10/2015,v,patch879,description Kdwf
10/10/2015,p,patch993,description tDQa
10/10/2015,p,patch148,description xiCY
10/10/2015,p,patch163,description gduT
10/10/2015,v,patch364,description RWZy
10/10/2015,b,patch343,description wIGt
10/10/2015,p,patch206,description MPZO
10/10/2015,v,patch693,description IgsR
10/10/2015,b,patch749,description OwdJ
10/10/2015,v,patch867,description dkPn
10/10/2015,b,patch180,description VGFa
10/10/2015,b,patch641,description BboC
10/10/2015,p,patch682,description lqMN
10/10/2015,p,patch337,description HzeO
10/10/2015,p,patch273,description lVeU
10/10/2015,v,patch766,description uBxy
10/10/2015,p,patch837,description rjwn
10/10/2015,v,patch730,description QsPe
10/10/2015,p,patch881,description FbKR
10/10/2015,b,patch589,description nkOw
10/10/2015,p,patch487,description MVNG
10/10/2015,b,patch722,description hCtu
10/10/2015,b,patch682,description GYMU
10/10/2015,p,patch311,description IJqk
10/10/2015,p,patch060,description xyTt
10/10/2015,p,patch793,description NnRx
10/10/2015,v,patch854,description LJRO
10/10/2015,b,patch609,description halW
10/10/2015,p,patch392,description voar
10/10/2015,b,patch139,description iCRs
10/10/2015,b,patch427,description BPLb
10/10/2015,b,patch641,description iCgs
10/10/2015,p,patch492,description fXZP
10/10/2015,b,patch346,description sUCj
10/10/2015,v,patch945,description XHcS
10/10/2015,p,patch983,description XmVq
10/10/2015,b,patch386,description xEJT
10/10/2015,v,patch436,description qSuK
10/10/2015,p,patch337,description nQSR
10/10/2015,b,patch019,description imcq
10/10/2015,p,patch178,description NuFX
10/10/2015,p,patch838,description QKoX
10/10/2015,p,patch053,description QXam
10/10/2015,v,patch748,description AcQw
10/10/2015,p,patch537,description gpSD
10/10/2015,p,patch000,description wJjC
10/10/2015,v,patch791,description giVa
10/10/2015,p,patch459,description flCG
10/10/2015,p,patch420,description sBAy
10/10/2015,v,patch132,description HoTw
10/10/2015,p,patch939,description RQUr
10/10/2015,v,patch423,description qNYe
10/10/2015,b,patch026,description tKDN
10/10/2015,p,patch345,description iKDO
10/10/2015,v,patch761,description DbeA
10/10/2015,b,patch924,description Ltyn
10/10/2015,b,patch193,description rovI
10/10/2015,p,patch932,description eumE
10/10/2015,p,patch750,description lShu
10/10/2015,v,patch627,description UPVK
10/10/2015,p,patch688,description VbIa
10/10/2015,p,patch322,description BuIo
10/10/2015,p,patch578,description Xgcm
10/10/2015,p,patch972,description PeIw
10/10/2015,b,patch709,description aziG
10/10/2015,p,patch133,description OATS
10/10/2015,b,patch921,description uOJD
10/10/2015,p,patch384,description mdEb
10/10/2015,p,patch827,description QqfA
10/10/2015,b,patch635,description urSc
10/10/2015,v,patch212,description gLmz
10/10/2015,p,patch684,description zUEA
10/10/2015,b,patch613,description uHiQ
10/10/2015,p,patch207,description yFcE
10/10/2015,b,patch925,description oFTq
